Variable,Coefficient,Std_Error,t_statistic,p_value
topic_179_lag1,5.626480942753829,1.1068484373319212,5.0833345858233,3.7169718693972713e-07
topic_323_lag1,5.626480942753828,1.1068484373319214,5.083334585823298,3.716971869397308e-07
topic_160_lag1,3.292582790391218,1.9171297105671312,1.717454365368526,0.0859000464892471
topic_39_lag1,2.7578590948066104,1.9171297105669223,1.438535472902912,0.1502860826327435
topic_253_lag1,2.3805910708141167,1.9171297105667933,1.241747523755345,0.21433336142619844
topic_81_lag1,-2.23078026484551,1.9171297105663414,-1.1636042426083486,0.24458789336676623
topic_34_lag1,1.9985187654340482,1.9171297105667504,1.0424535984282655,0.29720457040606885
topic_197_lag1,-1.9784148461926319,1.9171297105668432,-1.031967130490961,0.3020906280268448
topic_251_lag1,1.633864605751322,0.8573879025269501,1.9056305797362998,0.05670172403088971
topic_454_lag1,-1.6325939253554114,0.7246340901181028,-2.252990781994989,0.024262421058481396
topic_333_lag1,1.622159688817076,1.1068691886078557,1.4655387515640557,0.14277790843789512
topic_90_lag1,1.6105479204378175,1.9171297105666516,0.8400829174786422,0.4008644018756149
topic_60_lag1,-1.5727325459780155,1.9171297105671632,-0.8203579222152573,0.41201453380458825
topic_17_lag1,-1.4055847362829943,1.212503837455713,-1.1592414744290107,0.2463612218858849
topic_263_lag1,-1.3580691633787958,1.1068691886082174,-1.2269463974206731,0.2198463403621712
topic_96_lag1,-1.2455867896190447,1.9171297105658325,-0.6497144052143531,0.5158785781494367
topic_15_lag1,-1.1975872347636733,1.9171297105663734,-0.6246772078921424,0.5321847122500712
topic_43_lag1,-1.1788787446116926,1.9171297105666516,-0.6149186140687622,0.5386102141246263
topic_239_lag1,-1.1641756110147492,0.4950440688562735,-2.3516605576234975,0.018692226999289154
topic_54_lag1,1.1503631946255861,1.917129710566553,0.600044529217394,0.5484782549339895
topic_27_lag1,-1.0777970122849265,1.3556238904291504,-0.7950560770537378,0.426583236006184
topic_18_lag1,0.9947670710100099,1.9171297105667953,0.518883550511514,0.6038433812604919
topic_404_lag1,0.9902798682187431,0.7826893822438247,1.265227165059778,0.20579358346272092
topic_48_lag1,-0.9830873463945758,1.3556238904292115,-0.7251918126666499,0.4683364809709592
topic_331_lag1,0.9180833312225993,1.1068691886077806,0.8294415823222652,0.40685704890336916
topic_2_lag1,0.9096719892566184,1.1560759974709205,0.7868617558418775,0.43136512271424116
topic_315_lag1,-0.9022408544837196,0.7826893822438581,-1.1527444666454074,0.2490187202417304
topic_332_lag1,0.8944122241529113,1.9171297105671734,0.46653714624677317,0.6408323324551239
topic_14_lag1,-0.8761649128467873,1.355623890428765,-0.6463185836667932,0.5180749046963713
topic_465_lag1,0.8755440378032099,1.9171297105666336,0.45669525279248374,0.647891340413619
topic_9_lag1,-0.8173876719872819,1.9171297105666842,-0.426360129667841,0.6698465935686464
topic_178_lag1,-0.8142851758940881,1.1068691886081987,-0.7356652297079368,0.4619366064560788
topic_47_lag1,0.8090097927163767,1.9171297105671228,0.4219901179649741,0.6730333616918306
topic_395_lag1,-0.6935630180568036,1.355623890428664,-0.5116190581721682,0.6089190533262318
topic_94_lag1,0.6823605427921935,1.9171297105655294,0.3559282082123205,0.721895266489246
topic_171_lag1,-0.6645444194102731,1.106869188607727,-0.6003820742776017,0.5482533282062692
topic_19_lag1,0.6644587306585452,0.45191980999858167,1.4703022880555525,0.14148382498269216
topic_46_lag1,0.6553967739859019,1.1068691886078936,0.5921176420225345,0.5537734833340375
topic_213_lag1,0.6553676698897558,0.7826893822438131,0.8373279167413111,0.40241076671985304
topic_4_lag1,-0.6552957903092606,1.0011974392425707,-0.6545120518935877,0.51278384221603
topic_207_lag1,-0.644489246437807,0.8796524584530822,-0.7326634970942698,0.4637658342467249
topic_458_lag1,-0.6442921399881208,1.9171297105664413,-0.3360712300461695,0.7368180322938158
topic_61_lag1,0.6168805787020124,1.9171297105669467,0.3217730001793067,0.7476255087623548
topic_277_lag1,-0.6137920981233745,1.1068691886078987,-0.5545299340162647,0.5792177718770122
topic_243_lag1,0.6014625571208,0.9585828263030287,0.6274497525064826,0.5303662501180734
topic_298_lag1,-0.5992926331191537,0.9585648552833881,-0.6251977941982654,0.5318430284283586
topic_412_lag1,-0.599292633119042,0.9585648552832086,-0.6251977941982659,0.5318430284283582
topic_106_lag1,0.5726844189792273,1.9171297105671716,0.2987197036395633,0.7651546958076554
topic_249_lag1,0.5257296154058312,0.9585828263031004,0.5484446424242503,0.5833881569652525
topic_467_lag1,-0.5256394661353889,1.3556238904290003,-0.38774727256322195,0.6982040980176868
topic_146_lag1,-0.5116923702993109,1.9171297105668437,-0.26690545114342695,0.7895426457586014
topic_73_lag1,0.4744784765705094,1.4849985761912923,0.31951443198514473,0.749337281641514
topic_287_lag1,-0.4089927091291439,0.724634090118128,-0.5644127356228452,0.5724748520780256
topic_266_lag1,0.37632695678929473,1.9171297105671754,0.196297076152432,0.8443781471707408
topic_118_lag1,-0.31882495012481304,0.4800723828876055,-0.6641184985628642,0.5066163807587211
topic_262_lag1,-0.2960720902100307,1.3556238904287405,-0.21840282714137813,0.827115818718197
topic_1_lag1,-0.21261526836850267,1.1068691886075377,-0.19208707818127693,0.84767448292118
topic_93_lag1,-0.2086239242400492,0.9834752008931194,-0.21212931861483889,0.8320066863347039
topic_130_lag1,0.2014097644618902,1.9171297105665417,0.10505797461266744,0.9163300688525088
topic_59_lag1,0.19617503728302435,1.9171297105667557,0.10232747226322504,0.9184970058932633
topic_136_lag1,-0.18374901527225032,1.9171297105666218,-0.0958458962163504,0.9236432047088099
topic_0_lag1,-0.17267228097774476,0.6062837425103906,-0.2848044057107229,0.7757947321275511
topic_318_lag1,-0.1614634605720884,1.9171297105664666,-0.08422145861188483,0.9328805675255106
topic_148_lag1,-0.13936674742933397,0.6778373596772327,-0.205604995711208,0.8370999967790236
topic_99_lag1,0.11371667862156394,0.49504406885647984,0.22971021324271634,0.8183175439595186
topic_184_lag1,-0.09213004346973439,1.9171297105667617,-0.04805623895030971,0.9616715418139616
topic_22_lag1,-0.08525607273105297,0.42940052461898154,-0.19854673630569722,0.8426178255239162
topic_58_lag1,0.0684019701960282,0.8573879025270681,0.07977949070009036,0.9364128354429794
topic_396_lag1,-0.06763662173008443,1.1068691886079682,-0.06110624672383037,0.9512747465614632
topic_5_lag1,-0.06379644168980837,1.1068691886081585,-0.057636839426373154,0.9540380484187948
Intercept,0.05980280561669373,0.006777718288734822,8.823442207105506,1.1316439055009947e-18
topic_16_lag1,-0.05980280561665057,1.9171297105665748,-0.03119392771758614,0.9751149601678603
topic_35_lag1,0.0569404345730733,1.917129710566892,0.0297008774415353,0.9763056860446345
topic_115_lag1,-0.043315077812776596,0.5317559863117981,-0.0814566811239969,0.9350789770870712
topic_372_lag1,0.04177062109065036,0.8573879025269375,0.04871846333210656,0.9611437830604789
topic_10_lag1,-0.003104009632270718,1.9171297105667164,-0.0016190921329747438,0.9987081559763133
topic_428_lag1,-0.0004164578670610766,1.917129710566251,-0.00021722988526325115,0.9998266761701009
