trial,fold,random_seed,n_neighbors,n_components,min_cluster_size,min_samples,ngram_range,n_topics,cv_val,npmi_val,topic_diversity,intra_topic_similarity,inter_topic_similarity,fit_seconds
1,1,42,15,5,10,1,"(1, 2)",42,0.5559979912038798,-0.06922718999055101,0.85,0.7375250771641731,0.7883901596069336,72.95829430001322
1,2,42,15,5,10,1,"(1, 2)",408,0.4496843333631522,-0.04692374285185492,0.8551470588235294,0.7974386463004551,0.6971631050109863,51.532367900013924
1,3,42,15,5,10,1,"(1, 2)",796,0.4431631548243142,-0.0225266589145479,0.8618090452261307,0.8008845390254304,0.676957368850708,73.20439719999558
2,1,42,15,5,10,3,"(1, 2)",41,0.5293022016109775,-0.08108539392041142,0.8829268292682927,0.7406700357794762,0.7736386060714722,67.68035979999695
2,2,42,15,5,10,3,"(1, 2)",311,0.4823639146316244,0.001959021278725823,0.8459807073954984,0.807919336350884,0.7019839882850647,50.76055420000921
2,3,42,15,5,10,3,"(1, 2)",577,0.4559236084393331,-0.00546831909755407,0.8346620450606586,0.8088657098233433,0.667424738407135,70.39553660000092
3,1,42,15,5,15,1,"(1, 2)",26,0.5299631727037448,-0.08043952648154189,0.9230769230769231,0.7298384952545166,0.803117573261261,68.21155920001911
3,2,42,15,5,15,1,"(1, 2)",249,0.45783337176003747,-0.040874158784070906,0.8232931726907631,0.7943711632203847,0.7121776938438416,49.15962170000421
3,3,42,15,5,15,1,"(1, 2)",466,0.4335382400850275,-0.04034700168932118,0.8274678111587983,0.796836719308093,0.7033718824386597,68.49150000000373
4,1,42,15,5,15,3,"(1, 2)",11,0.7391244838433103,0.02306499963960728,0.9181818181818182,0.7043078720569611,0.8622822165489197,66.88212209998164
4,2,42,15,5,15,3,"(1, 2)",193,0.47608723793174873,-0.020637197822776603,0.822279792746114,0.803662945045514,0.714674174785614,48.00590950000333
4,3,42,15,5,15,3,"(1, 2)",363,0.4595452388841117,-0.010482777746371026,0.815702479338843,0.8048394958052454,0.6882687211036682,65.59783539999626
5,1,42,15,5,20,1,"(1, 2)",9,0.7844591039028281,0.0853695247691093,0.9333333333333333,0.6993769473499722,0.8672702312469482,67.6083031000162
5,2,42,15,5,20,1,"(1, 2)",179,0.4437905160581461,-0.05690511450104333,0.8083798882681564,0.7887902322568392,0.7111191153526306,50.71247040000162
5,3,42,15,5,20,1,"(1, 2)",335,0.44116974410242327,-0.033583160238901025,0.8146268656716418,0.7911254250814044,0.7116752862930298,66.06319840002107
6,1,42,15,5,20,3,"(1, 2)",5,0.6494719426005775,0.053998451532013186,0.98,0.6838194131851196,0.823416531085968,67.12059839998255
6,2,42,15,5,20,3,"(1, 2)",136,0.47112684207396544,-0.021937895039975248,0.8051470588235294,0.7956544151672951,0.7212226986885071,47.6205719000136
6,3,42,15,5,20,3,"(1, 2)",265,0.4639326545149011,-0.010569209270072755,0.8049056603773584,0.7975549131385551,0.7012443542480469,65.08399280000594
7,1,42,15,10,10,1,"(1, 2)",43,0.5352300974449666,-0.06230886927335158,0.8813953488372093,0.7415434732323601,0.7825564742088318,67.56471939999028
7,2,42,15,10,10,1,"(1, 2)",385,0.46025008921620564,-0.03325086686716092,0.857922077922078,0.7934225191240726,0.6956378817558289,51.23032780000358
7,3,42,15,10,10,1,"(1, 2)",817,0.4355281729891176,-0.031626967239389535,0.8610771113831089,0.8057307842615489,0.6700436472892761,73.55003370001214
8,1,42,15,10,10,3,"(1, 2)",37,0.5825363587741745,-0.018392694129268694,0.8756756756756757,0.7371759613355001,0.78755122423172,67.0416296000185
8,2,42,15,10,10,3,"(1, 2)",315,0.4793009527933573,-0.019716823279771596,0.8533333333333334,0.8022950577378719,0.6917001605033875,49.98653909997665
8,3,42,15,10,10,3,"(1, 2)",584,0.4591495819244849,-0.005239624750462981,0.8412671232876713,0.8125678081762845,0.6730481386184692,69.31910920000519
9,1,42,15,10,15,1,"(1, 2)",23,0.5615943177734988,-0.03404684573775184,0.9260869565217391,0.7174677984281019,0.8050755262374878,66.77596899998025
9,2,42,15,10,15,1,"(1, 2)",247,0.4478314124826908,-0.0647203448971748,0.8283400809716599,0.7876722503117737,0.6960510015487671,50.171264600008726
9,3,42,15,10,15,1,"(1, 2)",439,0.44321048496229654,-0.026556232215779116,0.8341685649202734,0.8028013599498193,0.7016855478286743,67.81813799997326
10,1,42,15,10,15,3,"(1, 2)",11,0.7481480632201662,0.03006955123810622,0.9090909090909091,0.7015117526054382,0.8533064723014832,66.87801310000941
10,2,42,15,10,15,3,"(1, 2)",205,0.465567027009219,-0.045378188925373875,0.8219512195121951,0.7981380570319391,0.7002730965614319,48.49501829998917
10,3,42,15,10,15,3,"(1, 2)",354,0.4614890625725542,-0.012032387255996094,0.8169491525423729,0.8033752619828048,0.6933122277259827,66.21102839999367
11,1,42,15,10,20,1,"(1, 2)",18,0.5542686364987611,-0.021931370829890745,0.9388888888888889,0.7159568601184421,0.8090091347694397,66.72967569998582
11,2,42,15,10,20,1,"(1, 2)",190,0.445660565319518,-0.0602861251830957,0.8121052631578948,0.7881907569037543,0.7105464935302734,48.9967949000129
11,3,42,15,10,20,1,"(1, 2)",317,0.44243741514614643,-0.03186618160542304,0.8182965299684543,0.7972306889053937,0.7109541893005371,66.78352339999401
12,1,42,15,10,20,3,"(1, 2)",8,0.7571218187906812,0.0708069987065716,0.975,0.7024380043148994,0.8644243478775024,66.6789517000143
12,2,42,15,10,20,3,"(1, 2)",155,0.4776991712853733,-0.03192055523317662,0.8090322580645162,0.7946877868639098,0.706326425075531,48.00226209999528
12,3,42,15,10,20,3,"(1, 2)",265,0.4621681924200019,-0.011466486528871729,0.8,0.7991448220084695,0.7082244157791138,66.47527319999062
13,1,42,30,5,10,1,"(1, 2)",41,0.49941947141678145,-0.09559046172690291,0.8804878048780488,0.7507524758577346,0.7700598835945129,68.81914000000688
13,2,42,30,5,10,1,"(1, 2)",358,0.4536519778479342,-0.0371877185568395,0.8620111731843575,0.7925398480507635,0.688334047794342,56.924296000011964
13,3,42,30,5,10,1,"(1, 2)",649,0.4387434616314895,-0.0313234459033229,0.8590138674884438,0.7971028235900145,0.6746606230735779,81.2869654999813
14,1,42,30,5,10,3,"(1, 2)",16,0.7643891686546449,0.015040340556651873,0.81875,0.7188462257385254,0.8561238646507263,65.47222090000287
14,2,42,30,5,10,3,"(1, 2)",255,0.45829232366192185,-0.03471327958927155,0.847843137254902,0.8030941463759725,0.6804245710372925,54.49699259997578
14,3,42,30,5,10,3,"(1, 2)",464,0.4492619410065872,-0.02189975817396969,0.8349137931034483,0.8114395893064132,0.677405059337616,78.3635427999834
15,1,42,30,5,15,1,"(1, 2)",9,0.7933482012696277,0.0774196649072358,0.8888888888888888,0.6937350481748581,0.8539443016052246,65.68667709999136
15,2,42,30,5,15,1,"(1, 2)",222,0.46505130475428325,-0.036755656334429565,0.8301801801801801,0.7912475023292689,0.7034576535224915,54.466978000011295
15,3,42,30,5,15,1,"(1, 2)",404,0.4278081162208345,-0.04912572258626754,0.8299504950495049,0.7963996641129755,0.6966215968132019,78.51865240000188
16,1,42,30,5,15,3,"(1, 2)",9,0.7933482012696277,0.0774196649072358,0.8888888888888888,0.6939956322312355,0.8511113524436951,65.5976220999728
16,2,42,30,5,15,3,"(1, 2)",169,0.4716078920187876,-0.027710146926721357,0.8242603550295858,0.7996526296506792,0.6882675290107727,52.66834470001049
16,3,42,30,5,15,3,"(1, 2)",317,0.4412567657540406,-0.029937635869488912,0.817981072555205,0.8057756319912998,0.6969488859176636,76.53904679999687
17,1,42,30,5,20,1,"(1, 2)",7,0.8382643092010181,0.12661362186821773,0.9571428571428572,0.6991924898965018,0.8485501408576965,66.09985299999244
17,2,42,30,5,20,1,"(1, 2)",154,0.4650048869760649,-0.03427990982083129,0.8246753246753247,0.7846903253574761,0.7096003293991089,53.13565209999797
17,3,42,30,5,20,1,"(1, 2)",313,0.44328909979891856,-0.030590797443088406,0.8079872204472843,0.7962195518124809,0.7073368430137634,76.38088219999918
18,1,42,30,5,20,3,"(1, 2)",7,0.8382643092010181,0.12661362186821773,0.9571428571428572,0.6993524176733834,0.8451279401779175,65.54753410001285
18,2,42,30,5,20,3,"(1, 2)",129,0.4757573125948725,-0.02899734129114038,0.8209302325581396,0.7922269343360653,0.6927253603935242,52.49060330001521
18,3,42,30,5,20,3,"(1, 2)",240,0.44227802918219894,-0.029406527092294993,0.8029166666666666,0.8037104989410541,0.7097842693328857,76.86998620000668
19,1,42,30,10,10,1,"(1, 2)",13,0.8165490793080931,0.0712214703020267,0.8076923076923077,0.7101662009954453,0.847481369972229,66.13904999999795
19,2,42,30,10,10,1,"(1, 2)",382,0.4565210177377552,-0.031813607580185144,0.8552356020942409,0.7960605662188426,0.6870140433311462,56.35701279999921
19,3,42,30,10,10,1,"(1, 2)",680,0.43456533680303416,-0.03967606382537575,0.8625,0.8022187878573991,0.6762836575508118,83.83322900001076
20,1,42,30,10,10,3,"(1, 2)",12,0.8165490793080931,0.07122147030202669,0.875,0.7136705409396779,0.8532027006149292,65.81362410000293
20,2,42,30,10,10,3,"(1, 2)",261,0.47931395607216004,-0.006793277478452455,0.8432950191570882,0.8052108705043792,0.6743768453598022,55.00973769999109
20,3,42,30,10,10,3,"(1, 2)",470,0.4566817137217664,-0.014058095840312784,0.8361702127659575,0.8168065103080461,0.67176753282547,80.77002759999596
21,1,42,30,10,15,1,"(1, 2)",9,0.7933482012696277,0.0774196649072358,0.8888888888888888,0.6940542086958885,0.8527175784111023,66.2865847000212
21,2,42,30,10,15,1,"(1, 2)",211,0.47448643880380703,-0.02189243949350607,0.8308056872037914,0.7926963470993241,0.6950721144676208,53.79782880001585
21,3,42,30,10,15,1,"(1, 2)",414,0.4271593743248615,-0.054757026666446273,0.8326086956521739,0.8012319079348635,0.6907854676246643,80.10897719999775
22,1,42,30,10,15,3,"(1, 2)",9,0.7933482012696277,0.0774196649072358,0.8888888888888888,0.695025347173214,0.8498011827468872,65.89049099999829
22,2,42,30,10,15,3,"(1, 2)",161,0.4897425234028408,0.0006946548876261062,0.8260869565217391,0.8013091812600622,0.6922814249992371,53.482262100005755
22,3,42,30,10,15,3,"(1, 2)",310,0.44925237318883154,-0.025275670879498387,0.8206451612903226,0.8131937041996032,0.6910814642906189,78.91088359997957
23,1,42,30,10,20,1,"(1, 2)",7,0.8382643092010181,0.12661362186821773,0.9571428571428572,0.704771740095956,0.8461645841598511,65.89839849999407
23,2,42,30,10,20,1,"(1, 2)",161,0.4670637232505821,-0.036652594994403764,0.824223602484472,0.7870866898695628,0.7031018137931824,53.38365289999638
23,3,42,30,10,20,1,"(1, 2)",293,0.4368860040216636,-0.04195770208470716,0.8143344709897611,0.7994380102175452,0.7031850218772888,78.20013330000802
24,1,42,30,10,20,3,"(1, 2)",7,0.8382643092010181,0.12661362186821773,0.9571428571428572,0.7059181417737689,0.8426961302757263,65.75544249999803
24,2,42,30,10,20,3,"(1, 2)",119,0.4899794190725631,-0.0034440655547669026,0.8168067226890756,0.79939642685269,0.7115302681922913,52.333128600002965
24,3,42,30,10,20,3,"(1, 2)",240,0.4680334633750603,-0.010224806255373189,0.8025,0.8087160572913534,0.7053542733192444,80.2397313999827
25,1,42,50,5,10,1,"(1, 2)",15,0.8214654993686418,0.09392615407957838,0.8,0.7237639171736581,0.8400890827178955,66.73600269999588
25,2,42,50,5,10,1,"(1, 2)",357,0.43221664835343415,-0.06448626840940744,0.8635854341736695,0.7916941327679439,0.6681298613548279,62.73554749999312
25,3,42,50,5,10,1,"(1, 2)",652,0.44544807741091835,-0.022937800551409104,0.8726993865030674,0.8014645988573292,0.6757926940917969,97.45256000000518
26,1,42,50,5,10,3,"(1, 2)",15,0.814868375613169,0.09328331882240486,0.7933333333333333,0.7274481526442936,0.839313268661499,66.93780600000173
26,2,42,50,5,10,3,"(1, 2)",221,0.5088131497845655,0.014913453442930316,0.8443438914027149,0.7975621226935359,0.6738649010658264,61.99280139998882
26,3,42,50,5,10,3,"(1, 2)",439,0.4682181170016448,-0.0035737290694923315,0.8507972665148064,0.8097984985082964,0.6669593453407288,94.04149880001205
27,1,42,50,5,15,1,"(1, 2)",11,0.7962590276899878,0.08628638185340506,0.8454545454545455,0.7027006506919861,0.8428290486335754,65.97237210001913
27,2,42,50,5,15,1,"(1, 2)",218,0.46556844929316193,-0.027760481620587613,0.8261467889908257,0.7916852674063515,0.6961304545402527,61.91945010001655
27,3,42,50,5,15,1,"(1, 2)",398,0.42849463019464895,-0.04475329172137801,0.8417085427135679,0.7968677981508093,0.6898635029792786,93.62317019997863
28,1,42,50,5,15,3,"(1, 2)",12,0.8107237403729576,0.07762406814727478,0.8333333333333334,0.7031854716214266,0.8416520953178406,66.79417119998834
28,2,42,50,5,15,3,"(1, 2)",154,0.5118546930033875,0.017402420495313424,0.8344155844155844,0.7959723604576928,0.6923376321792603,62.993565600016154
28,3,42,50,5,15,3,"(1, 2)",292,0.4667431935394929,-0.0009299721377053642,0.827054794520548,0.8086014407522538,0.6947197318077087,95.890554099984
29,1,42,50,5,20,1,"(1, 2)",5,0.7630978151105173,0.13112930999061698,0.98,0.6840614795684814,0.8256400227546692,75.92614799999865
29,2,42,50,5,20,1,"(1, 2)",143,0.4961217617082037,-0.010930912014641525,0.7916083916083916,0.7900319594670745,0.698919415473938,71.77927599998657
29,3,42,50,5,20,1,"(1, 2)",279,0.4422659431967926,-0.029222663254734525,0.8232974910394265,0.7925951513461769,0.706549882888794,133.61532230000012
30,1,42,50,5,20,3,"(1, 2)",5,0.7630978151105173,0.13112930999061698,0.98,0.6842114925384521,0.8279227018356323,90.7716439999931
30,2,42,50,5,20,3,"(1, 2)",114,0.4981163988424009,-0.008914455212055328,0.8271929824561404,0.7931136045980891,0.6979941129684448,86.45264400000451
30,3,42,50,5,20,3,"(1, 2)",225,0.46056761586985484,-0.011445615971380246,0.8164444444444444,0.8037231524373584,0.6936658620834351,137.1959463999956
31,1,42,50,10,10,1,"(1, 2)",12,0.7932954124907037,0.059331422907487795,0.8666666666666667,0.7289849936962127,0.841539740562439,89.28722960001323
31,2,42,50,10,10,1,"(1, 2)",359,0.45474840246633985,-0.03435461618958331,0.8637883008356546,0.7927828461539989,0.6776720881462097,92.28972239998984
31,3,42,50,10,10,1,"(1, 2)",652,0.4213134061449184,-0.05486791841161627,0.8697852760736197,0.8027241379630808,0.6607435941696167,149.05462119998992
32,1,42,50,10,10,3,"(1, 2)",12,0.7952490360756646,0.059659216078427876,0.8583333333333333,0.7312182247638702,0.8409357666969299,88.89965029997984
32,2,42,50,10,10,3,"(1, 2)",235,0.49363692983207247,-0.0022231680231661376,0.8472340425531915,0.8067629770503018,0.6825846433639526,88.4659647999797
32,3,42,50,10,10,3,"(1, 2)",456,0.4705399763798996,-0.007213444880776089,0.8517543859649123,0.8165361134769817,0.6592315435409546,144.25583099998767
33,1,42,50,10,15,1,"(1, 2)",10,0.8025560865228525,0.061926337951122304,0.88,0.6990304787953695,0.8384328484535217,88.65905730001396
33,2,42,50,10,15,1,"(1, 2)",201,0.5002713997468367,-0.0032058829597697864,0.8258706467661692,0.789894723561075,0.6971890926361084,88.62579459999688
33,3,42,50,10,15,1,"(1, 2)",392,0.433707634941019,-0.04889413257838924,0.8275510204081633,0.8007374595025343,0.683870792388916,143.74956470000325
34,1,42,50,10,15,3,"(1, 2)",10,0.8040325612719533,0.06269663529095681,0.87,0.7015260656674703,0.8393396139144897,88.6513372999907
34,2,42,50,10,15,3,"(1, 2)",159,0.49696403128282785,0.006199939416277885,0.8301886792452831,0.8074914852198023,0.6916167140007019,88.48021860001609
34,3,42,50,10,15,3,"(1, 2)",287,0.46012871248738246,-0.016511359154385237,0.818815331010453,0.8141483611021286,0.6823617815971375,142.78141030002735
35,1,42,50,10,20,1,"(1, 2)",7,0.816288887948723,0.11281521665625278,0.9714285714285714,0.7070549981934684,0.8398465514183044,88.6671560999821
35,2,42,50,10,20,1,"(1, 2)",130,0.49476861350204,-0.01241223017136194,0.8076923076923077,0.7876280890247687,0.7002952694892883,75.9694262999983
35,3,42,50,10,20,1,"(1, 2)",283,0.43288116109793756,-0.047335776281614866,0.8095406360424028,0.7975504996720701,0.7042630314826965,144.36084600002505
36,1,42,50,10,20,3,"(1, 2)",5,0.7630978151105173,0.13112930999061698,0.98,0.684346616268158,0.8219135403633118,88.42613099998562
36,2,42,50,10,20,3,"(1, 2)",112,0.48897335565455363,-0.02334583384299887,0.8151785714285714,0.8065418168610218,0.6991737484931946,86.04110450000735
36,3,42,50,10,20,3,"(1, 2)",196,0.47090130472353037,0.0018616106352895756,0.8030612244897959,0.8130331917437251,0.7211523056030273,141.4287403000053
