n_neighbors,n_components,min_cluster_size,min_samples,ngram_range,cv_val,npmi_val,topic_diversity,intra_topic_similarity,inter_topic_similarity,n_topics,fit_seconds,cv_val_norm,npmi_val_norm,topic_diversity_norm,intra_topic_similarity_norm,inter_topic_separation_norm,composite_score
30,10,20,3,"(1, 2)",0.5987590638828805,0.03764825001935921,0.8588165266106443,0.7713435419726041,0.7531935572624207,122.0,66.10943416666123,1.0,1.0,0.650881753627065,0.5215805383260983,0.8058471060575698,0.7956618796021466
50,10,20,3,"(1, 2)",0.5743241584962004,0.036548362260969226,0.8660799319727891,0.7679738749576349,0.7474131981531779,104.33333333333333,105.29865859999943,0.8187600682474802,0.9880898522482379,0.8120961870195365,0.41020682684037896,0.6954014741522258,0.7449108817015719
50,5,20,3,"(1, 2)",0.573927276607591,0.0369230796023938,0.8745458089668615,0.7603494165246332,0.7398608922958374,114.66666666666667,104.80674479999773,0.8158162939513621,0.9921474834633057,1.0,0.1582044093968398,0.5510991605775136,0.7034534694778043
50,10,10,3,"(1, 2)",0.5864753140958788,0.01674086772482855,0.8524405872838123,0.7848391050970512,0.7275839845339457,234.33333333333334,107.2071486999824,0.9088882916536761,0.7736041606691415,0.50936501393398,0.9676337973224379,0.31652362470161627,0.6952029776561705
30,5,20,3,"(1, 2)",0.5854332169926965,0.022736584494927454,0.8603299187892212,0.765096616983501,0.7492125233014425,125.33333333333333,64.96937453334492,0.9011587913805452,0.8385288514522502,0.6844721496472889,0.315108142591274,0.7297812763838033,0.6938098422910323
30,10,20,1,"(1, 2)",0.5807380121577547,0.016001108263035604,0.8652336435390301,0.7637654800610214,0.7508171399434408,153.66666666666666,65.82739489999949,0.8663332583824586,0.7655936664859757,0.7933124480523954,0.2711116115116059,0.7604407727303111,0.6913583514325493
30,5,20,1,"(1, 2)",0.5821860986586672,0.020580971534766013,0.8632684674218222,0.7600341223554863,0.7551624377568563,158.0,65.20546243332986,0.8770740856721031,0.8151867707214697,0.7496945114983846,0.1477833554257205,0.8434666113935521,0.686641066942246
15,10,20,3,"(1, 2)",0.5656630608320188,0.009139985648174418,0.8613440860215054,0.7654235377290929,0.7596583962440491,142.66666666666666,60.385495666666735,0.754518495598957,0.6912979181583727,0.7069820313854094,0.32591347636357393,0.9293711316411263,0.6816166106294879
50,10,20,1,"(1, 2)",0.5813128875162336,0.017689070067758658,0.862887171721094,0.7640778622967691,0.7481349507967631,140.0,102.99914280000182,0.8705972556882846,0.7838717810846969,0.7412314879876424,0.28143642071170605,0.709192040671295,0.677265797228725
30,10,10,3,"(1, 2)",0.5841815830340065,0.016790032327753817,0.8514884106410152,0.7785626405840343,0.7331156929334005,247.66666666666666,67.19779646666332,0.8918751027530555,0.7741365401601668,0.48823104022543345,0.7601850658253034,0.42221827414250884,0.6673292046212935
15,5,15,3,"(1, 2)",0.5582523202197236,-0.00268499197651345,0.8520546967555918,0.7709367709692402,0.7550750374794006,189.0,60.16195566666041,0.6995511404341537,0.5632510064648814,0.5008000062334829,0.5081360062200597,0.8417966495988151,0.6227069617902785
50,5,20,1,"(1, 2)",0.5671618400051712,0.03032524490708031,0.8649686275492727,0.7555628634605775,0.7437031070391337,142.33333333333334,93.77358209999511,0.7656353233810004,0.9207027515227358,0.7874303031770249,0.0,0.6245125640044461,0.6196561884170414
30,10,15,3,"(1, 2)",0.5774476992871,0.01761288297178784,0.8452070022336503,0.7698427442109598,0.7443880240122477,160.0,66.09454556666121,0.8419281677678268,0.7830467882044069,0.3488124553041286,0.4719764035076557,0.6375993093897484,0.6166726248347533
50,10,15,3,"(1, 2)",0.5870417683473879,0.017461738517616485,0.8396680034185787,0.7743886373298005,0.7377727031707764,152.0,106.63765540001138,0.9130898274591058,0.7814101186739855,0.22587197339363546,0.622226557725729,0.511200018829304,0.610759699216352
50,5,15,3,"(1, 2)",0.5964405423052793,0.03136550550162761,0.8316012374231553,0.7692530909437911,0.7429031531016032,152.66666666666666,75.22609696666284,0.9828029335149281,0.9319672258173951,0.046826602190803784,0.4524872751865143,0.6092278011625576,0.6046623675744398
50,5,10,3,"(1, 2)",0.5972998807997931,0.034874347731947614,0.8294914970836182,0.778269591282042,0.7267125050226847,225.0,74.32403540000087,0.9891768665272858,0.9699627658913273,0.0,0.7504992457528156,0.29987221888153937,0.6019022194105935
50,10,10,1,"(1, 2)",0.5564524070339872,-0.009963703897903929,0.866746747858647,0.7748306592710975,0.7266518076260885,341.0,110.21052439999767,0.686200724797957,0.4844333873351157,0.826896454918111,0.6368361983643087,0.2987124704653282,0.5866158471761642
15,5,20,1,"(1, 2)",0.5564731213544659,-0.00170624999027835,0.8521133624243772,0.7597642015627386,0.7633548776308695,174.33333333333334,61.46132396667963,0.6863543682015407,0.5738493257733686,0.5021021162054975,0.1388619752531602,1.0,0.5802335570867134
30,5,15,3,"(1, 2)",0.5687376196808186,0.006590627370341843,0.8437101054912266,0.7664746312910715,0.7454425891240438,165.0,64.93500453332672,0.7773232835491221,0.6636921615440708,0.3155881826462116,0.3606540577314854,0.6577489416109394,0.5550013254163659
15,10,15,3,"(1, 2)",0.5584013842673131,-0.009113674981087916,0.8493304270484924,0.767675023873394,0.7489639321962992,190.0,60.52801993333075,0.7006567865328125,0.49363793563136055,0.44033365810326985,0.4003292471609689,0.7250314327884984,0.551997812043382
15,5,20,3,"(1, 2)",0.5281771463964814,0.007163782407321728,0.8633509064002959,0.7590095804969899,0.7486278613408407,135.33333333333334,59.941721033334034,0.47647589766521925,0.6698985777197446,0.7515242803934761,0.113920356842679,0.7186101089062619,0.5460858443054761
30,10,15,1,"(1, 2)",0.5649980047994321,0.00025673291576115237,0.8507677572482848,0.7626608212433587,0.7461917201677958,211.33333333333334,66.73113023334493,0.7495856052091574,0.5951055096582922,0.47223582550330057,0.23460059962171115,0.6720626286922138,0.5447180337369351
30,5,15,1,"(1, 2)",0.5620692074149152,-0.0028205713378204344,0.8496731880395246,0.7604607382057008,0.751341183980306,211.66666666666666,66.22410250000151,0.7278619672540803,0.5617828837287765,0.4479413870132243,0.16188379633158903,0.770453710283838,0.5339847489223016
50,10,15,1,"(1, 2)",0.5788450404035693,0.0032754408043210934,0.8444738890581108,0.7632208872863263,0.7398309111595154,201.0,107.01147220000469,0.852292603585202,0.6277936241480719,0.3325406902966124,0.2531118155980464,0.550526309395823,0.5232530086047511
50,5,10,1,"(1, 2)",0.566376741710998,0.0021673617062539473,0.8454282735589124,0.7723075495996437,0.7280038793881735,341.3333333333333,75.64137006666472,0.7598120488889072,0.6157947763766071,0.3537236683714922,0.5534427688809217,0.32454657822968247,0.5214639681495221
30,10,10,1,"(1, 2)",0.5692118112829608,-8.940036784473027e-05,0.841809303262183,0.7694818516905624,0.7369263569513956,358.3333333333333,68.77643060000264,0.7808404837285312,0.5913574012553192,0.2733990524699586,0.46004823990408944,0.4950288361668398,0.5201348027049477
30,5,10,3,"(1, 2)",0.5573144777743847,-0.013857565735529787,0.8338356434527835,0.777793320473637,0.7379844983418783,245.0,66.11091876665402,0.6925949235756061,0.4422686578367548,0.09642021346198686,0.7347576168711712,0.5152468005369403,0.49625764245649184
50,5,15,1,"(1, 2)",0.5634407023925996,0.004590869503813148,0.8377699590529796,0.7637512387497156,0.7429410020510355,209.0,73.83833080000477,0.7380346956612852,0.6420377595594816,0.1837440551930897,0.2706409098993983,0.609950983071849,0.4888816806770208
15,10,10,3,"(1, 2)",0.5069956311640056,-0.014449714053167757,0.8567587107655602,0.7840129424165522,0.7174331744511923,312.0,62.115759300000114,0.3193671913126439,0.4358565726942224,0.6052076381191666,0.9403275965585586,0.12257155135237056,0.48466611000739246
15,5,10,3,"(1, 2)",0.4891965748939784,-0.028198230579746558,0.8545231939081499,0.7858183606512344,0.714349110921224,309.6666666666667,62.9454835333357,0.1873470466634448,0.28698059698667333,0.5555893715434043,1.0,0.06364418387118469,0.41871223981294137
15,10,10,1,"(1, 2)",0.4770027865500966,-0.04239556779330068,0.8667981793807987,0.7802322588726606,0.7160793344179789,415.0,64.11502696666867,0.09690260530888457,0.1332445611001218,0.8280379998669049,0.8153690305145966,0.09670365713660964,0.39405157078542347
15,10,15,1,"(1, 2)",0.4842120717394954,-0.041774474283568584,0.8628652008045575,0.769313802896565,0.7342706918716431,236.33333333333334,61.58845719998741,0.15037571416828488,0.13997007960157143,0.7407438339625764,0.4544939172321342,0.444286900878904,0.38597408916869413
15,10,20,1,"(1, 2)",0.4807888723214752,-0.03802789253946983,0.8564302273384126,0.7671261019758634,0.7435032725334167,175.0,60.83666466666424,0.1249849701044489,0.18053998484498393,0.5979168059342496,0.3821863657509701,0.6206943153726083,0.38126448840145216
15,5,15,1,"(1, 2)",0.47377826151626995,-0.05388689565164465,0.8579459689754948,0.7736821259276647,0.7395557165145874,247.0,61.954226966675684,0.07298547987636263,0.008810579893568099,0.6315593492053626,0.5988750524543527,0.5452681505372432,0.37149972239337786
15,5,10,1,"(1, 2)",0.4829484931304487,-0.04622586391898461,0.8556520346832199,0.7786160874966862,0.720836877822876,415.3333333333333,65.8983531333409,0.14100342901949914,0.0917681536740808,0.5806444823171606,0.7619515848917414,0.1876062944538598,0.3525947888712683
30,5,10,1,"(1, 2)",0.4639383036320684,-0.054700542062355105,0.8671709485169501,0.7801317158328375,0.7110181848208109,349.3333333333333,69.01013383333338,0.0,0.0,0.8363117725774366,0.8120458975583104,0.0,0.3296715340271494
